<?xml version="1.0" encoding="utf-8" standalone="yes"?>
<window>
    <zorder>0.52</zorder>
    <coordinates>
        <left>0</left>
        <top>0</top>
    </coordinates>
    <animation type="WindowOpen" reversible="false">
        <effect type="slide" start="100,0" end="0,0" delay="160" time="160" />
        <effect type="fade" delay="160" end="100" time="100" />
    </animation>
    <animation type="WindowClose" reversible="false">
        <effect type="slide" start="0,0" end="100,0" delay="160" time="160" />
        <effect type="fade" delay="160" start="100" end="0" time="100" />
    </animation>
    <controls>
        <control type="group">
            <top>40</top>
            <left>400</left>
            <width>480</width>
            <height>640</height>
            <control type="image">
                <description>Window Background</description>
                <width>100%</width>
                <height>100%</height>
                <texture colordiffuse="CC000000">white.png</texture>
            </control>
            <control type="image">
                <description>Logo</description>
                <top>40</top>
                <left>40</left>
                <width>320</width>
                <height>60</height>
                <texture>logo.png</texture>
                <aspectratio>keep</aspectratio>
                <align>center</align>
            </control>
            <control type="grouplist">
                <top>140</top>
                <left>400</left>
                <control type="button" id="2">
                    <description>OK</description>
                    <top>0</top>
                    <right>0</right>
                    <height>60</height>
                    <width>60</width>
                    <onleft>1</onleft>
                    <onright>1</onright>
                    <texturefocus colordiffuse="FFFFFFFF">ok.png</texturefocus>
                    <texturenofocus colordiffuse="80FFFFFF">ok.png</texturenofocus>
                </control>

                <control type="button" id="3">
                    <description>Close</description>
                    <top>0</top>
                    <right>0</right>
                    <height>60</height>
                    <width>60</width>
                    <onleft>1</onleft>
                    <onright>1</onright>
                    <texturefocus colordiffuse="FFFFFFFF">close.png</texturefocus>
                    <texturenofocus colordiffuse="80FFFFFF">close.png</texturenofocus>
                    <onclick>Action(close)</onclick>
                </control>
            </control>

            <control type="list" id="1">
                <description>List</description>
                <top>140</top>
                <left>20</left>
                <width>360</width>
                <height>540</height>
                <onleft>2</onleft>
                <onright>2</onright>
                <scrolltime tween="cubic" easing="out">300</scrolltime>
                <itemlayout height="60" width="360">
                    <control type="textbox">
                        <description>List Title</description>
                        <visible>!String.IsEmpty(ListItem.Property(listurl))</visible>
                        <top>0</top>
                        <left>20</left>
                        <width>320</width>
                        <height>60</height>
                        <font>font13</font>
                        <textcolor>FFFFFFFF</textcolor>
                        <shadowcolor>00000000</shadowcolor>
                        <align>center</align>
                        <aligny>center</aligny>
                        <label>[B]$INFO[ListItem.Label][/B]</label>
                    </control>
                    <control type="image">
                        <description>ADD</description>
                        <visible>String.IsEmpty(ListItem.Property(listurl))</visible>
                        <top>5</top>
                        <left>0</left>
                        <width>360</width>
                        <height>50</height>
                        <texture colordiffuse="FFEEEEEE">add.png</texture>
                        <aspectratio>keep</aspectratio>
                        <align>center</align>
                    </control>
                </itemlayout>
                <focusedlayout height="60" width="360">
                    <control type="image">
                        <description>Selected Background</description>
                        <visible>Control.HasFocus(1)</visible>
                        <top>0</top>
                        <left>0</left>
                        <width>360</width>
                        <height>60</height>
                        <texture colordiffuse="55FFFFFF">white.png</texture>
                        <aspectratio>scale</aspectratio>
                    </control>
                    <control type="textbox">
                        <description>List Title</description>
                        <visible>!String.IsEmpty(ListItem.Property(listurl))</visible>
                        <top>0</top>
                        <left>20</left>
                        <width>320</width>
                        <height>60</height>
                        <font>font13</font>
                        <textcolor>FFFFFFFF</textcolor>
                        <shadowcolor>00000000</shadowcolor>
                        <align>center</align>
                        <aligny>center</aligny>
                        <label>[B]$INFO[ListItem.Label][/B]</label>
                    </control>
                    <control type="image">
                        <description>ADD</description>
                        <visible>String.IsEmpty(ListItem.Property(listurl))</visible>
                        <top>5</top>
                        <left>0</left>
                        <width>360</width>
                        <height>50</height>
                        <texture colordiffuse="FFFFFFFF">add.png</texture>
                        <aspectratio>keep</aspectratio>
                        <align>center</align>
                    </control>
                </focusedlayout>
            </control>
        </control>
    </controls>
</window>