<?xml version="1.0" encoding="UTF-8" standalone="yes"?>
<addon id="repository.kltv" name="KodiLiveTV Addon Repository" version="1.0.0" provider-name="KLTV">
	<extension point="xbmc.addon.repository" name="KodiLiveTV Addon Repository">
		<dir>
			<info compressed="false">https://KodiLiveTV.github.io/repo/addons.xml</info>
			<checksum>https://KodiLiveTV.github.io/repo/addons.xml.md5</checksum>
			<datadir zip="true">https://KodiLiveTV.github.io/repo/</datadir>
			<hashes>true</hashes>
		</dir>
	</extension>
	<extension point="xbmc.addon.metadata">
		<summary>KodiLiveTV Repository</summary>
		<description>The official repo of KodiLiveTV.</description>
		<disclaimer>KodiLiveTV did not make all the add-ons in this repository and is not responsible for their content.</disclaimer>
		<platform>all</platform>
		<forum>https://t.me/kodilivetv</forum>
		<telegram>https://t.me/kodilivetv</telegram>
		<website>https://KodiLiveTV.github.io/</website>
	</extension>
</addon>
